averageAP,admissionstest,GPA,SATsubject,GPA_w
0.7032275578051195,174.5042600523976,0.20553017343332664,1.3079581581168123,0.38354906227331065
