averageAP,admissionstest,GPA,SATsubject,GPA_w
4.249003971472805,2143.606872126258,3.838660991674003,2.5766745370945694,4.317342819580864
